{"proxies":{"huawei.messaging.TitaniumHuaweiMessagingModule":{"superPackageName":"org.appcelerator.kroll","methods":{"createNotificationChannel":{"runOnUiThread":false,"hasInvocation":false,"args":[{"converter":"org.appcelerator.kroll.KrollConverter","defaultValueProvider":"org.appcelerator.kroll.KrollConverter","name":"options","sourceName":"options","type":"org.appcelerator.kroll.KrollDict"}],"apiName":"createNotificationChannel","converter":"org.appcelerator.kroll.KrollConverter","defaultValueProvider":"org.appcelerator.kroll.KrollConverter","name":"__default_name__","returnType":"void"},"deleteNotificationChannel":{"runOnUiThread":false,"hasInvocation":false,"args":[{"converter":"org.appcelerator.kroll.KrollConverter","defaultValueProvider":"org.appcelerator.kroll.KrollConverter","name":"channelId","sourceName":"channelId","type":"java.lang.String"}],"apiName":"deleteNotificationChannel","converter":"org.appcelerator.kroll.KrollConverter","defaultValueProvider":"org.appcelerator.kroll.KrollConverter","name":"__default_name__","returnType":"void"},"subscribe":{"runOnUiThread":false,"hasInvocation":false,"args":[{"converter":"org.appcelerator.kroll.KrollConverter","defaultValueProvider":"org.appcelerator.kroll.KrollConverter","name":"topic","sourceName":"topic","type":"java.lang.String"}],"apiName":"subscribe","converter":"org.appcelerator.kroll.KrollConverter","defaultValueProvider":"org.appcelerator.kroll.KrollConverter","name":"__default_name__","returnType":"void"},"unsubscribe":{"runOnUiThread":false,"hasInvocation":false,"args":[{"converter":"org.appcelerator.kroll.KrollConverter","defaultValueProvider":"org.appcelerator.kroll.KrollConverter","name":"topic","sourceName":"topic","type":"java.lang.String"}],"apiName":"unsubscribe","converter":"org.appcelerator.kroll.KrollConverter","defaultValueProvider":"org.appcelerator.kroll.KrollConverter","name":"__default_name__","returnType":"void"},"getToken":{"runOnUiThread":false,"hasInvocation":false,"args":[{"converter":"org.appcelerator.kroll.KrollConverter","defaultValueProvider":"org.appcelerator.kroll.KrollConverter","name":"callback","sourceName":"callback","type":"org.appcelerator.kroll.KrollFunction"}],"apiName":"getToken","converter":"org.appcelerator.kroll.KrollConverter","defaultValueProvider":"org.appcelerator.kroll.KrollConverter","name":"__default_name__","returnType":"void"},"configure":{"runOnUiThread":false,"hasInvocation":false,"args":[],"apiName":"configure","converter":"org.appcelerator.kroll.KrollConverter","defaultValueProvider":"org.appcelerator.kroll.KrollConverter","name":"__default_name__","returnType":"void"},"trigger":{"runOnUiThread":false,"hasInvocation":false,"args":[{"converter":"org.appcelerator.kroll.KrollConverter","defaultValueProvider":"org.appcelerator.kroll.KrollConverter","name":"event","sourceName":"event","type":"java.lang.String"}],"apiName":"trigger","converter":"org.appcelerator.kroll.KrollConverter","defaultValueProvider":"org.appcelerator.kroll.KrollConverter","name":"__default_name__","returnType":"void"},"deleteToken":{"runOnUiThread":false,"hasInvocation":false,"args":[],"apiName":"deleteToken","converter":"org.appcelerator.kroll.KrollConverter","defaultValueProvider":"org.appcelerator.kroll.KrollConverter","name":"__default_name__","returnType":"void"},"setForceShowInForeground":{"runOnUiThread":false,"hasInvocation":false,"args":[{"converter":"org.appcelerator.kroll.KrollConverter","defaultValueProvider":"org.appcelerator.kroll.KrollConverter","name":"showInForeground","sourceName":"showInForeground","type":"java.lang.Boolean"}],"apiName":"setForceShowInForeground","converter":"org.appcelerator.kroll.KrollConverter","defaultValueProvider":"org.appcelerator.kroll.KrollConverter","name":"__default_name__","returnType":"void"}},"dynamicProperties":{"forceShowInForeground":{"set":true,"nativeConverter":"org.appcelerator.kroll.KrollConverter","setMethodName":"setForceShowInForeground","setMethodArgs":[{"converter":"org.appcelerator.kroll.KrollConverter","defaultValueProvider":"org.appcelerator.kroll.KrollConverter","name":"showInForeground","sourceName":"showInForeground","type":"java.lang.Boolean"}],"getMethodName":"forceShowInForeground","setDefaultProviders":["org.appcelerator.kroll.KrollConverter"],"converter":"org.appcelerator.kroll.KrollConverter","defaultValueProvider":"org.appcelerator.kroll.KrollConverter","retain":true,"javascriptConverter":"org.appcelerator.kroll.KrollConverter","getHasInvocation":false,"runOnUiThread":false,"getMethodArgs":[],"getReturnType":"boolean","setReturnType":"void","get":true,"name":"forceShowInForeground","setHasInvocation":false,"getDefaultProviders":[]},"enablePush":{"set":true,"nativeConverter":"org.appcelerator.kroll.KrollConverter","setMethodName":"enablePush","setMethodArgs":[{"converter":"org.appcelerator.kroll.KrollConverter","defaultValueProvider":"org.appcelerator.kroll.KrollConverter","name":"enabled","sourceName":"enabled","type":"boolean"}],"setDefaultProviders":["org.appcelerator.kroll.KrollConverter"],"converter":"org.appcelerator.kroll.KrollConverter","defaultValueProvider":"org.appcelerator.kroll.KrollConverter","retain":true,"javascriptConverter":"org.appcelerator.kroll.KrollConverter","getHasInvocation":false,"runOnUiThread":false,"setReturnType":"void","get":false,"name":"enablePush","setHasInvocation":false}},"superProxyBindingClassName":"org.appcelerator.kroll.KrollModuleBindingGen","proxyClassName":"TitaniumHuaweiMessagingModule","proxyAttrs":{"propertyAccessors":[],"fullAPIName":"TitaniumHuaweiMessagingModule","name":"TitaniumHuaweiMessagingModule","proxyClassName":"huawei.messaging.TitaniumHuaweiMessagingModule","isTopLevel":false,"id":"huawei.messaging"},"packageName":"huawei.messaging","sourceName":"huawei.messaging.TitaniumHuaweiMessagingModuleBindingGen","superProxyClassName":"KrollModule","isModule":true,"genClassName":"TitaniumHuaweiMessagingModuleBindingGen"}},"modules":{"huawei.messaging.TitaniumHuaweiMessagingModule":{"apiName":"TitaniumHuaweiMessagingModule"}}}